"year","make","model","option","category","subcategory","country"
"1986","FMC","DO10","Base","Sprayer","Agricultural Equipment","USA"
"1986","FMC","DO35","Base","Sprayer","Agricultural Equipment","USA"
"1987","FMC","100K","Base","Sprayer","Agricultural Equipment","USA"
"1987","FMC","793","Base","Sprayer","Agricultural Equipment","USA"
"1987","FMC","DO 35","Base","Sprayer","Agricultural Equipment","USA"
"1987","FMC","DO50-C100","Base","Sprayer","Agricultural Equipment","USA"
"1987","FMC","PSC-156 (PEAS)","Base","Other Agricultural Equipment","Agricultural Equipment","USA"
"1988","FMC","PSC-125 (PEAS)","Base","Other Agricultural Equipment","Agricultural Equipment","USA"
"1989","FMC","792","Base","Sprayer","Agricultural Equipment","USA"
"1989","FMC","992","Base","Sprayer","Agricultural Equipment","USA"
"1989","FMC","993","Base","Sprayer","Agricultural Equipment","USA"
"1989","FMC","DO 35","Base","Sprayer","Agricultural Equipment","USA"
"1989","FMC","DO35","Base","Sprayer","Agricultural Equipment","USA"
"1989","FMC","DO50-C100","Base","Sprayer","Agricultural Equipment","USA"
"1989","FMC","PSC-125 (PEAS)","Base","Other Agricultural Equipment","Agricultural Equipment","USA"
"1989","FMC","PSC-156 (PEAS)","Base","Other Agricultural Equipment","Agricultural Equipment","USA"
"1990","FMC","4300 TREE SHAKR","Base","Other Agricultural Equipment","Agricultural Equipment","USA"
"1990","FMC","592","Base","Sprayer","Agricultural Equipment","USA"
"1990","FMC","DMI 15E200","Base","Sprayer","Agricultural Equipment","USA"
"1990","FMC","DO 35","Base","Sprayer","Agricultural Equipment","USA"
"1990","FMC","DO35","Base","Sprayer","Agricultural Equipment","USA"
"1991","FMC","592","Base","Sprayer","Agricultural Equipment","USA"
"1991","FMC","792","Base","Sprayer","Agricultural Equipment","USA"
"1991","FMC","993","Base","Sprayer","Agricultural Equipment","USA"
"1991","FMC","DO 35","Base","Sprayer","Agricultural Equipment","USA"
"1991","FMC","IDS1400","Base","Sprayer","Agricultural Equipment","USA"
"1991","FMC","PSC-125 (PEAS)","Base","Other Agricultural Equipment","Agricultural Equipment","USA"
"1991","FMC","PSC-156 (PEAS)","Base","Other Agricultural Equipment","Agricultural Equipment","USA"
"1992","FMC","5700 TOMATO HAR","Base","Other Agricultural Equipment","Agricultural Equipment","USA"
"1992","FMC","993","Base","Sprayer","Agricultural Equipment","USA"
"1992","FMC","PSC-156 (PEAS)","Base","Other Agricultural Equipment","Agricultural Equipment","USA"
"1993","FMC","DM10 E200","Base","Sprayer","Agricultural Equipment","USA"
"1993","FMC","PSC-125 (PEAS)","Base","Other Agricultural Equipment","Agricultural Equipment","USA"
"1993","FMC","PSC-156 (PEAS)","Base","Other Agricultural Equipment","Agricultural Equipment","USA"
"1994","FMC","993","Base","Sprayer","Agricultural Equipment","USA"
"1994","FMC","DO 35","Base","Sprayer","Agricultural Equipment","USA"
"1994","FMC","PSC-125 (PEAS)","Base","Other Agricultural Equipment","Agricultural Equipment","USA"
"1994","FMC","PSC-156 (PEAS)","Base","Other Agricultural Equipment","Agricultural Equipment","USA"
"1995","FMC","4300 TREE SHAKR","Base","Other Agricultural Equipment","Agricultural Equipment","USA"
"1995","FMC","5700 TOMATO HAR","Base","Other Agricultural Equipment","Agricultural Equipment","USA"
"1995","FMC","PSC-156 (PEAS)","Base","Other Agricultural Equipment","Agricultural Equipment","USA"
"1995","FMC","SOYBEAN HARVEST","Base","Other Agricultural Equipment","Agricultural Equipment","USA"
"1996","FMC","PSC-156 (PEAS)","Base","Other Agricultural Equipment","Agricultural Equipment","USA"
"1996","FMC","PSC-156 TRACKED","Base","Other Agricultural Equipment","Agricultural Equipment","USA"
"1997","FMC","4300 TREE SHAKR","Base","Other Agricultural Equipment","Agricultural Equipment","USA"
"1997","FMC","PSC-156 TRACKED","Base","Other Agricultural Equipment","Agricultural Equipment","USA"
"1998","FMC","4300 TREE SHAKR","Base","Other Agricultural Equipment","Agricultural Equipment","USA"
"2000","FMC","PSC-156 (PEAS)","Base","Other Agricultural Equipment","Agricultural Equipment","USA"
"1981","Fendt","231GT","Base","Agricultural Tractor","Agricultural Equipment","USA"
"1981","Fendt","FARMER 305LS(A)","Base","Agricultural Tractor","Agricultural Equipment","USA"
"1981","Fendt","FARMER 310","Base","Agricultural Tractor","Agricultural Equipment","USA"
"1982","Fendt","F304LS","Base","Agricultural Tractor","Agricultural Equipment","USA"
"1983","Fendt","F304LS","Base","Agricultural Tractor","Agricultural Equipment","USA"
"1983","Fendt","FARMER 306LS(LS","Base","Agricultural Tractor","Agricultural Equipment","USA"
"1984","Fendt","FARMER 305LS(A)","Base","Agricultural Tractor","Agricultural Equipment","USA"
"1984","Fendt","FARMER 309","Base","Agricultural Tractor","Agricultural Equipment","USA"
"1985","Fendt","F304LS","Base","Agricultural Tractor","Agricultural Equipment","USA"
"1985","Fendt","FARMER 305LS(A)","Base","Agricultural Tractor","Agricultural Equipment","USA"
"1986","Fendt","FARMER 305LS(A)","Base","Agricultural Tractor","Agricultural Equipment","USA"
"1986","Fendt","FARMER 309","Base","Agricultural Tractor","Agricultural Equipment","USA"
"1987","Fendt","FARMER 309","Base","Agricultural Tractor","Agricultural Equipment","USA"
"1990","Fendt","612LSA","Base","Agricultural Tractor","Agricultural Equipment","USA"
"1990","Fendt","FARMER 305LS(A)","Base","Agricultural Tractor","Agricultural Equipment","USA"
"1990","Fendt","FARMER 306LS(LS","Base","Agricultural Tractor","Agricultural Equipment","USA"
"1991","Fendt","311LSA","Base","Agricultural Tractor","Agricultural Equipment","USA"
"1991","Fendt","FARMER 250","Base","Agricultural Tractor","Agricultural Equipment","USA"
"1991","Fendt","FARMER 306LS(LS","Base","Agricultural Tractor","Agricultural Equipment","USA"
"1991","Fendt","FARMER 308LS(LS","Base","Agricultural Tractor","Agricultural Equipment","USA"
"1991","Fendt","FARMER 310","Base","Agricultural Tractor","Agricultural Equipment","USA"
"1992","Fendt","240S","Base","Agricultural Tractor","Agricultural Equipment","USA"
"1992","Fendt","345GT","Base","Agricultural Tractor","Agricultural Equipment","USA"
"1992","Fendt","360GT","Base","Agricultural Tractor","Agricultural Equipment","USA"
"1992","Fendt","614LSA","Base","Agricultural Tractor","Agricultural Equipment","USA"
"1992","Fendt","F304LS","Base","Agricultural Tractor","Agricultural Equipment","USA"
"1992","Fendt","FARMER 260","Base","Agricultural Tractor","Agricultural Equipment","USA"
"1992","Fendt","FARMER 308LS(LS","Base","Agricultural Tractor","Agricultural Equipment","USA"
"1992","Fendt","FARMER 309","Base","Agricultural Tractor","Agricultural Equipment","USA"
"1993","Fendt","240S","Base","Agricultural Tractor","Agricultural Equipment","USA"
"1993","Fendt","311LSA","Base","Agricultural Tractor","Agricultural Equipment","USA"
"1993","Fendt","390","Base","Agricultural Tractor","Agricultural Equipment","USA"
"1993","Fendt","FARMER 250","Base","Agricultural Tractor","Agricultural Equipment","USA"
"1993","Fendt","FARMER 305LS(A)","Base","Agricultural Tractor","Agricultural Equipment","USA"
"1993","Fendt","FARMER 306LS(LS","Base","Agricultural Tractor","Agricultural Equipment","USA"
"1993","Fendt","FARMER 309","Base","Agricultural Tractor","Agricultural Equipment","USA"
"1994","Fendt","612LSA","Base","Agricultural Tractor","Agricultural Equipment","USA"
"1994","Fendt","615LSA","Base","Agricultural Tractor","Agricultural Equipment","USA"
"1994","Fendt","F304LS","Base","Agricultural Tractor","Agricultural Equipment","USA"
"1994","Fendt","FARMER 280","Base","Agricultural Tractor","Agricultural Equipment","USA"
"1994","Fendt","FARMER 308","Base","Agricultural Tractor","Agricultural Equipment","USA"
"1994","Fendt","FARMER 312","Base","Agricultural Tractor","Agricultural Equipment","USA"
"1994","Fendt","FAVORIT 824","Base","Agricultural Tractor","Agricultural Equipment","USA"
"1994","Fendt","FAVORIT 926","Base","Agricultural Tractor","Agricultural Equipment","USA"
"1995","Fendt","365 GTA","Base","Agricultural Tractor","Agricultural Equipment","USA"
"1995","Fendt","FARMER 280","Base","Agricultural Tractor","Agricultural Equipment","USA"
"1995","Fendt","FARMER 307","Base","Agricultural Tractor","Agricultural Equipment","USA"
"1995","Fendt","FARMER 308","Base","Agricultural Tractor","Agricultural Equipment","USA"
"1995","Fendt","FARMER 310","Base","Agricultural Tractor","Agricultural Equipment","USA"
"1995","Fendt","FAVORIT 512 C","Base","Agricultural Tractor","Agricultural Equipment","USA"
"1995","Fendt","FAVORIT 822","Base","Agricultural Tractor","Agricultural Equipment","USA"
"1995","Fendt","XYLON 522","Base","Agricultural Tractor","Agricultural Equipment","USA"
"1995","Fendt","XYLON 524","Base","Agricultural Tractor","Agricultural Equipment","USA"
"1996","Fendt","345GT","Base","Agricultural Tractor","Agricultural Equipment","USA"
"1996","Fendt","365 GTA","Base","Agricultural Tractor","Agricultural Equipment","USA"
"1996","Fendt","FARMER 280","Base","Agricultural Tractor","Agricultural Equipment","USA"
"1996","Fendt","FARMER 304","Base","Agricultural Tractor","Agricultural Equipment","USA"
"1996","Fendt","FARMER 308","Base","Agricultural Tractor","Agricultural Equipment","USA"
"1996","Fendt","FARMER 309","Base","Agricultural Tractor","Agricultural Equipment","USA"
"1996","Fendt","FAVORIT 824","Base","Agricultural Tractor","Agricultural Equipment","USA"
"1996","Fendt","XYLON 522","Base","Agricultural Tractor","Agricultural Equipment","USA"
"1997","Fendt","360GT","Base","Agricultural Tractor","Agricultural Equipment","USA"
"1997","Fendt","395","Base","Agricultural Tractor","Agricultural Equipment","USA"
"1997","Fendt","FARMER 260","Base","Agricultural Tractor","Agricultural Equipment","USA"
"1997","Fendt","FARMER 270","Base","Agricultural Tractor","Agricultural Equipment","USA"
"1997","Fendt","FARMER 304","Base","Agricultural Tractor","Agricultural Equipment","USA"
"1997","Fendt","FARMER 308","Base","Agricultural Tractor","Agricultural Equipment","USA"
"1997","Fendt","FARMER 309","Base","Agricultural Tractor","Agricultural Equipment","USA"
"1997","Fendt","FAVORIT 510 C","Base","Agricultural Tractor","Agricultural Equipment","USA"
"1997","Fendt","FAVORIT 512 C","Base","Agricultural Tractor","Agricultural Equipment","USA"
"1997","Fendt","FAVORIT 818","Base","Agricultural Tractor","Agricultural Equipment","USA"
"1998","Fendt","365 GTA","Base","Agricultural Tractor","Agricultural Equipment","USA"
"1998","Fendt","FARMER 304","Base","Agricultural Tractor","Agricultural Equipment","USA"
"1998","Fendt","FARMER 307","Base","Agricultural Tractor","Agricultural Equipment","USA"
"1998","Fendt","FARMER 308","Base","Agricultural Tractor","Agricultural Equipment","USA"
"1998","Fendt","FARMER 308LS(LS","Base","Agricultural Tractor","Agricultural Equipment","USA"
"1998","Fendt","FARMER 312","Base","Agricultural Tractor","Agricultural Equipment","USA"
"1998","Fendt","FAVORIT 509 C","Base","Agricultural Tractor","Agricultural Equipment","USA"
"1998","Fendt","FAVORIT 716","Base","Agricultural Tractor","Agricultural Equipment","USA"
"1998","Fendt","FAVORIT 822","Base","Agricultural Tractor","Agricultural Equipment","USA"
"1998","Fendt","FAVORIT 924","Base","Agricultural Tractor","Agricultural Equipment","USA"
"1998","Fendt","FAVORIT 926","Base","Agricultural Tractor","Agricultural Equipment","USA"
"1998","Fendt","XYLON 520","Base","Agricultural Tractor","Agricultural Equipment","USA"
"1999","Fendt","345GT","Base","Agricultural Tractor","Agricultural Equipment","USA"
"1999","Fendt","FARMER 270","Base","Agricultural Tractor","Agricultural Equipment","USA"
"1999","Fendt","FARMER 308","Base","Agricultural Tractor","Agricultural Equipment","USA"
"1999","Fendt","FARMER 309","Base","Agricultural Tractor","Agricultural Equipment","USA"
"1999","Fendt","FARMER 312","Base","Agricultural Tractor","Agricultural Equipment","USA"
"1999","Fendt","FAVORIT 509 C","Base","Agricultural Tractor","Agricultural Equipment","USA"
"1999","Fendt","FAVORIT 712","Base","Agricultural Tractor","Agricultural Equipment","USA"
"1999","Fendt","FAVORIT 926","Base","Agricultural Tractor","Agricultural Equipment","USA"
"1999","Fendt","XYLON 524","Base","Agricultural Tractor","Agricultural Equipment","USA"
"2000","Fendt","380","Base","Agricultural Tractor","Agricultural Equipment","USA"
"2000","Fendt","FARMER 270","Base","Agricultural Tractor","Agricultural Equipment","USA"
"2000","Fendt","FARMER 309","Base","Agricultural Tractor","Agricultural Equipment","USA"
"2000","Fendt","FAVORIT 712","Base","Agricultural Tractor","Agricultural Equipment","USA"
"2000","Fendt","FAVORIT 818","Base","Agricultural Tractor","Agricultural Equipment","USA"
"2000","Fendt","FAVORIT 824","Base","Agricultural Tractor","Agricultural Equipment","USA"
"2000","Fendt","FAVORIT 920","Base","Agricultural Tractor","Agricultural Equipment","USA"
"2000","Fendt","FAVORIT 926","Base","Agricultural Tractor","Agricultural Equipment","USA"
"2001","Fendt","395","Base","Agricultural Tractor","Agricultural Equipment","USA"
"2001","Fendt","FARMER 307","Base","Agricultural Tractor","Agricultural Equipment","USA"
"2001","Fendt","FARMER 308","Base","Agricultural Tractor","Agricultural Equipment","USA"
"2001","Fendt","FAVORIT 818","Base","Agricultural Tractor","Agricultural Equipment","USA"
"2001","Fendt","FAVORIT 822","Base","Agricultural Tractor","Agricultural Equipment","USA"
"2001","Fendt","FAVORIT 924","Base","Agricultural Tractor","Agricultural Equipment","USA"
"2002","Fendt","370","Base","Agricultural Tractor","Agricultural Equipment","USA"
"2002","Fendt","FARMER 307","Base","Agricultural Tractor","Agricultural Equipment","USA"
"2002","Fendt","FARMER 309","Base","Agricultural Tractor","Agricultural Equipment","USA"
"2002","Fendt","FARMER 311","Base","Agricultural Tractor","Agricultural Equipment","USA"
"2002","Fendt","FARMER 312","Base","Agricultural Tractor","Agricultural Equipment","USA"
"2002","Fendt","FAVORIT 711","Base","Agricultural Tractor","Agricultural Equipment","USA"
"2002","Fendt","FAVORIT 924","Base","Agricultural Tractor","Agricultural Equipment","USA"
"2003","Fendt","380","Base","Agricultural Tractor","Agricultural Equipment","USA"
"2003","Fendt","FARMER 250","Base","Agricultural Tractor","Agricultural Equipment","USA"
"2003","Fendt","FARMER 409","Base","Agricultural Tractor","Agricultural Equipment","USA"
"2003","Fendt","FARMER 410","Base","Agricultural Tractor","Agricultural Equipment","USA"
"2003","Fendt","FAVORIT 822","Base","Agricultural Tractor","Agricultural Equipment","USA"
"2003","Fendt","FAVORIT 920","Base","Agricultural Tractor","Agricultural Equipment","USA"
"2003","Fendt","XYLON 524","Base","Agricultural Tractor","Agricultural Equipment","USA"
"2005","Fendt","206 & 207 2WD","Base","Agricultural Tractor","Agricultural Equipment","USA"
"2005","Fendt","208 & 209 2WD","Base","Agricultural Tractor","Agricultural Equipment","USA"
"2005","Fendt","208 & 209 4WD","Base","Agricultural Tractor","Agricultural Equipment","USA"
"2005","Fendt","VARIO 818 & 820","Base","Agricultural Tractor","Agricultural Equipment","USA"
"2007","Fendt","208 & 209 4WD","Base","Agricultural Tractor","Agricultural Equipment","USA"
"2008","Fendt","206 & 207 4WD","Base","Agricultural Tractor","Agricultural Equipment","USA"
"2009","Fendt","206 & 207 2WD","Base","Agricultural Tractor","Agricultural Equipment","USA"
"2009","Fendt","206 & 207 4WD","Base","Agricultural Tractor","Agricultural Equipment","USA"
"2009","Fendt","VARIO 818 & 820","Base","Agricultural Tractor","Agricultural Equipment","USA"
"1981","Fimco","LG-300-4R","Base","Sprayer","Agricultural Equipment","USA"
"1981","Fimco","LG26-4R","Base","Sprayer","Agricultural Equipment","USA"
"1981","Fimco","LG30-4R","Base","Sprayer","Agricultural Equipment","USA"
"1983","Fimco","LG26-4R","Base","Sprayer","Agricultural Equipment","USA"
"1985","Fimco","LG26-4R","Base","Sprayer","Agricultural Equipment","USA"
"1986","Fimco","LG-300-4R","Base","Sprayer","Agricultural Equipment","USA"
"1987","Fimco","LG26-4R","Base","Sprayer","Agricultural Equipment","USA"
"1987","Fimco","LG30-4R","Base","Sprayer","Agricultural Equipment","USA"
"1989","Fimco","LG-300-4R","Base","Sprayer","Agricultural Equipment","USA"
"1991","Fimco","LG-300-4R","Base","Sprayer","Agricultural Equipment","USA"
"1991","Fimco","LG26-4R","Base","Sprayer","Agricultural Equipment","USA"
"1992","Fimco","LG26-4R","Base","Sprayer","Agricultural Equipment","USA"
"1993","Fimco","LG-300-4R","Base","Sprayer","Agricultural Equipment","USA"
"1993","Fimco","LG30-4R","Base","Sprayer","Agricultural Equipment","USA"
"1981","Ford New Holland","7610","Base","Agricultural Tractor","Agricultural Equipment","USA"
"1982","Ford New Holland","5810","Base","Agricultural Tractor","Agricultural Equipment","USA"
"1982","Ford New Holland","7610","Base","Agricultural Tractor","Agricultural Equipment","USA"
"1982","Ford New Holland","8210","Base","Agricultural Tractor","Agricultural Equipment","USA"
"1983","Ford New Holland","4610","Base","Agricultural Tractor","Agricultural Equipment","USA"
"1983","Ford New Holland","6610","Base","Agricultural Tractor","Agricultural Equipment","USA"
"1983","Ford New Holland","7610","Base","Agricultural Tractor","Agricultural Equipment","USA"
"1983","Ford New Holland","TW15","Base","Agricultural Tractor","Agricultural Equipment","USA"
"1984","Ford New Holland","5810","Base","Agricultural Tractor","Agricultural Equipment","USA"
"1984","Ford New Holland","7610","Base","Agricultural Tractor","Agricultural Equipment","USA"
"1985","Ford New Holland","4610","Base","Agricultural Tractor","Agricultural Equipment","USA"
"1985","Ford New Holland","8210","Base","Agricultural Tractor","Agricultural Equipment","USA"
"1987","Ford New Holland","2910","Base","Agricultural Tractor","Agricultural Equipment","USA"
"1987","Fox Brady","6460","Base","Combine","Agricultural Equipment","USA"
"1988","Fox Brady","6460","Base","Combine","Agricultural Equipment","USA"
"1989","Fox Brady","6660","Base","Combine","Agricultural Equipment","USA"
"1992","Fox Brady","6860","Base","Combine","Agricultural Equipment","USA"
"1978","Freeman","270 PULL TYPE","Base","Baler","Agricultural Equipment","USA"
"1979","Freeman","370 PULL TYPE","Base","Baler","Agricultural Equipment","USA"
"1980","Freeman","270 PULL TYPE","Base","Baler","Agricultural Equipment","USA"
"1980","Freeman","370 PULL TYPE","Base","Baler","Agricultural Equipment","USA"
"1981","Freeman","SELF-PROPELLED","Base","Baler","Agricultural Equipment","USA"
"1982","Freeman","200PB","Base","Baler","Agricultural Equipment","USA"
"1982","Freeman","270 PULL TYPE","Base","Baler","Agricultural Equipment","USA"
"1982","Freeman","SELF-PROPELLED","Base","Baler","Agricultural Equipment","USA"
"1983","Freeman","200PB","Base","Baler","Agricultural Equipment","USA"
"1983","Freeman","270PB","Base","Baler","Agricultural Equipment","USA"
"1983","Freeman","330PB","Base","Baler","Agricultural Equipment","USA"
"1983","Freeman","330SP","Base","Baler","Agricultural Equipment","USA"
"1983","Freeman","370 PULL TYPE","Base","Baler","Agricultural Equipment","USA"
"1983","Freeman","SELF-PROPELLED","Base","Baler","Agricultural Equipment","USA"
"1984","Freeman","270SP","Base","Baler","Agricultural Equipment","USA"
"1984","Freeman","330PB","Base","Baler","Agricultural Equipment","USA"
"1984","Freeman","330SP","Base","Baler","Agricultural Equipment","USA"
"1984","Freeman","370 PULL TYPE","Base","Baler","Agricultural Equipment","USA"
"1984","Freeman","SELF-PROPELLED","Base","Baler","Agricultural Equipment","USA"
"1985","Freeman","270 PULL TYPE","Base","Baler","Agricultural Equipment","USA"
"1985","Freeman","330SP","Base","Baler","Agricultural Equipment","USA"
"1985","Freeman","370PB","Base","Baler","Agricultural Equipment","USA"
"1986","Freeman","200PB","Base","Baler","Agricultural Equipment","USA"
"1986","Freeman","270 PULL TYPE","Base","Baler","Agricultural Equipment","USA"
"1986","Freeman","270PB","Base","Baler","Agricultural Equipment","USA"
"1986","Freeman","370PB","Base","Baler","Agricultural Equipment","USA"
"1987","Freeman","370 PULL TYPE","Base","Baler","Agricultural Equipment","USA"
"1988","Freeman","200PB","Base","Baler","Agricultural Equipment","USA"
"1988","Freeman","270PB","Base","Baler","Agricultural Equipment","USA"
"1988","Freeman","370SP","Base","Baler","Agricultural Equipment","USA"
"1989","Freeman","330PB","Base","Baler","Agricultural Equipment","USA"
"1989","Freeman","370SP","Base","Baler","Agricultural Equipment","USA"
"1990","Freeman","200PB","Base","Baler","Agricultural Equipment","USA"
"1990","Freeman","370PB","Base","Baler","Agricultural Equipment","USA"
"1991","Freeman","200PB","Base","Baler","Agricultural Equipment","USA"
"1991","Freeman","200SP","Base","Baler","Agricultural Equipment","USA"
"1991","Freeman","330SP","Base","Baler","Agricultural Equipment","USA"
"1991","Freeman","370SP","Base","Baler","Agricultural Equipment","USA"
"1992","Freeman","270SP","Base","Baler","Agricultural Equipment","USA"
"1993","Freeman","200PB","Base","Baler","Agricultural Equipment","USA"
"1993","Freeman","330PB","Base","Baler","Agricultural Equipment","USA"
"1993","Freeman","370SP","Base","Baler","Agricultural Equipment","USA"
"1994","Freeman","270PB","Base","Baler","Agricultural Equipment","USA"
"1994","Freeman","270SP","Base","Baler","Agricultural Equipment","USA"
"1994","Freeman","370 PULL TYPE","Base","Baler","Agricultural Equipment","USA"
"1995","Freeman","270 PULL TYPE","Base","Baler","Agricultural Equipment","USA"
"1995","Freeman","370 PULL TYPE","Base","Baler","Agricultural Equipment","USA"
"1996","Freeman","270SP","Base","Baler","Agricultural Equipment","USA"
"1996","Freeman","330SP","Base","Baler","Agricultural Equipment","USA"
"1997","Freeman","200PB","Base","Baler","Agricultural Equipment","USA"
"1997","Freeman","200SP","Base","Baler","Agricultural Equipment","USA"
"1997","Freeman","270 PULL TYPE","Base","Baler","Agricultural Equipment","USA"
"1997","Freeman","330SP","Base","Baler","Agricultural Equipment","USA"
"1998","Freeman","200PB","Base","Baler","Agricultural Equipment","USA"
"1998","Freeman","370 SELF-PROPELLED","Base","Baler","Agricultural Equipment","USA"
"1999","Freeman","370 SELF-PROPELLED","Base","Baler","Agricultural Equipment","USA"
"1999","Freeman","6000 BALE WAGON","Base","Baler","Agricultural Equipment","USA"
"2001","Freeman","1390 IN-LINE","Base","Baler","Agricultural Equipment","USA"
"2001","Freeman","270 PULL TYPE","Base","Baler","Agricultural Equipment","USA"
"2001","Freeman","370 PULL TYPE","Base","Baler","Agricultural Equipment","USA"
"2001","Freeman","370 SELF-PROPELLED","Base","Baler","Agricultural Equipment","USA"
"2001","Freeman","5400 ROADSIDER","Base","Baler","Agricultural Equipment","USA"
"2003","Freeman","270 PULL TYPE","Base","Baler","Agricultural Equipment","USA"
"1981","Friday","PURNING TOWER","Base","Other Agricultural Equipment","Agricultural Equipment","USA"
"1982","Friday","HOEING EQUIPMNT","Base","Other Agricultural Equipment","Agricultural Equipment","USA"
"1983","Friday","HOEING EQUIPMNT","Base","Other Agricultural Equipment","Agricultural Equipment","USA"
"1986","Friday","CHERRY HARVESTR","Base","Other Agricultural Equipment","Agricultural Equipment","USA"
"1987","Friday","HOEING EQUIPMNT","Base","Other Agricultural Equipment","Agricultural Equipment","USA"
"1988","Friday","CHERRY HARVESTR","Base","Other Agricultural Equipment","Agricultural Equipment","USA"
"1988","Friday","PURNING TOWER","Base","Other Agricultural Equipment","Agricultural Equipment","USA"
"1989","Friday","CHERRY HARVESTR","Base","Other Agricultural Equipment","Agricultural Equipment","USA"
"1991","Friday","PURNING TOWER","Base","Other Agricultural Equipment","Agricultural Equipment","USA"
"1993","Friday","HOEING EQUIPMNT","Base","Other Agricultural Equipment","Agricultural Equipment","USA"
"1995","Friday","PRUNING TOWER","Base","Other Agricultural Equipment","Agricultural Equipment","USA"
"1981","Friend","393 AIRMASTER","Base","Sprayer","Agricultural Equipment","USA"
"1983","Friend","2DSFG","Base","Sprayer","Agricultural Equipment","USA"
"1983","Friend","423 AIRMASTER","Base","Sprayer","Agricultural Equipment","USA"
"1984","Friend","2DSFG","Base","Sprayer","Agricultural Equipment","USA"
"1984","Friend","COMMANDER","Base","Sprayer","Agricultural Equipment","USA"
"1985","Friend","2DSFG","Base","Sprayer","Agricultural Equipment","USA"
"1985","Friend","375","Base","Sprayer","Agricultural Equipment","USA"
"1985","Friend","423 AIRMASTER","Base","Sprayer","Agricultural Equipment","USA"
"1986","Friend","366 AIRMASTER","Base","Sprayer","Agricultural Equipment","USA"
"1986","Friend","393","Base","Sprayer","Agricultural Equipment","USA"
"1987","Friend","375","Base","Sprayer","Agricultural Equipment","USA"
"1987","Friend","393","Base","Sprayer","Agricultural Equipment","USA"
"1987","Friend","423 AIRMASTER","Base","Sprayer","Agricultural Equipment","USA"
"1987","Friend","COMMANDER","Base","Sprayer","Agricultural Equipment","USA"
"1989","Friend","366 AIRMASTER","Base","Sprayer","Agricultural Equipment","USA"
"1989","Friend","375","Base","Sprayer","Agricultural Equipment","USA"
"1989","Friend","393 AIRMASTER","Base","Sprayer","Agricultural Equipment","USA"
"1990","Friend","366","Base","Sprayer","Agricultural Equipment","USA"
"1991","Friend","2HSFG","Base","Sprayer","Agricultural Equipment","USA"
"1991","Friend","324 AIRMASTER","Base","Sprayer","Agricultural Equipment","USA"
"1992","Friend","393 AIRMASTER","Base","Sprayer","Agricultural Equipment","USA"
"1993","Friend","2DSFG","Base","Sprayer","Agricultural Equipment","USA"
"1993","Friend","423 AIRMASTER","Base","Sprayer","Agricultural Equipment","USA"
"1994","Friend","2DEFG","Base","Sprayer","Agricultural Equipment","USA"
"1994","Friend","393 AIRMASTER","Base","Sprayer","Agricultural Equipment","USA"
"1994","Friend","COMMANDER","Base","Sprayer","Agricultural Equipment","USA"
"1995","Friend","2DSFG","Base","Sprayer","Agricultural Equipment","USA"
"1995","Friend","423 AIRMASTER","Base","Sprayer","Agricultural Equipment","USA"
"1996","Friend","393 AIRMASTER","Base","Sprayer","Agricultural Equipment","USA"
"1997","Friend","2HEFG","Base","Sprayer","Agricultural Equipment","USA"
"1997","Friend","324 AIRMASTER","Base","Sprayer","Agricultural Equipment","USA"
"1995","GVM","PROWLER","Base","Sprayer","Agricultural Equipment","USA"
"2002","GVM","PRDTR 9503T","Base","Sprayer","Agricultural Equipment","USA"
"2006","GVM","PRDTR 9503T","Base","Sprayer","Agricultural Equipment","USA"
"2010","GVM","PRDTR 9504T","Base","Sprayer","Agricultural Equipment","USA"
"2011","GVM","PRDTR 9504T","Base","Sprayer","Agricultural Equipment","USA"
"2013","GVM","PRDTR 9504T","Base","Sprayer","Agricultural Equipment","USA"
"1992","Gehl","2650","Base","Windrower","Agricultural Equipment","USA"
"2001","Gleaner","C62","Base","Combine","Agricultural Equipment","USA"
"2001","Gleaner","R52","Base","Combine","Agricultural Equipment","USA"
"2002","Gleaner","R62","Base","Combine","Agricultural Equipment","USA"
"2002","Gleaner","R65","Base","Combine","Agricultural Equipment","USA"
"2005","Gleaner","R55","Base","Combine","Agricultural Equipment","USA"
"2006","Gleaner","A75","Base","Combine","Agricultural Equipment","USA"
"2008","Gleaner","A66","Base","Combine","Agricultural Equipment","USA"
"2008","Gleaner","A86","Base","Combine","Agricultural Equipment","USA"
"2008","Gleaner","R75","Base","Combine","Agricultural Equipment","USA"
"2009","Gleaner","A66","Base","Combine","Agricultural Equipment","USA"
"2009","Gleaner","A76","Base","Combine","Agricultural Equipment","USA"
"2009","Gleaner","A86","Base","Combine","Agricultural Equipment","USA"
"2009","Gleaner","R77","Base","Combine","Agricultural Equipment","USA"
"1981","Goldoni","EURO 42","Base","Agricultural Tractor","Agricultural Equipment","USA"
"1982","Goldoni","926","Base","Agricultural Tractor","Agricultural Equipment","USA"
"1982","Goldoni","928","Base","Agricultural Tractor","Agricultural Equipment","USA"
"1982","Goldoni","933","Base","Agricultural Tractor","Agricultural Equipment","USA"
"1982","Goldoni","945","Base","Agricultural Tractor","Agricultural Equipment","USA"
"1983","Goldoni","EURO 26RS","Base","Agricultural Tractor","Agricultural Equipment","USA"
"1984","Goldoni","926","Base","Agricultural Tractor","Agricultural Equipment","USA"
"1984","Goldoni","933","Base","Agricultural Tractor","Agricultural Equipment","USA"
"1985","Goldoni","926","Base","Agricultural Tractor","Agricultural Equipment","USA"
"1985","Goldoni","928","Base","Agricultural Tractor","Agricultural Equipment","USA"
"1985","Goldoni","EURO 42","Base","Agricultural Tractor","Agricultural Equipment","USA"
"1986","Goldoni","928","Base","Agricultural Tractor","Agricultural Equipment","USA"
"1986","Goldoni","945","Base","Agricultural Tractor","Agricultural Equipment","USA"
"1986","Goldoni","EURO 26RS","Base","Agricultural Tractor","Agricultural Equipment","USA"
"1987","Goldoni","EURO 42","Base","Agricultural Tractor","Agricultural Equipment","USA"
"1988","Goldoni","NUOVO 245","Base","Agricultural Tractor","Agricultural Equipment","USA"
"1989","Goldoni","945","Base","Agricultural Tractor","Agricultural Equipment","USA"
"1989","Goldoni","EURO 26RS","Base","Agricultural Tractor","Agricultural Equipment","USA"
"1989","Goldoni","EURO 30RS","Base","Agricultural Tractor","Agricultural Equipment","USA"
"1989","Goldoni","NUOVO 233","Base","Agricultural Tractor","Agricultural Equipment","USA"
"1989","Goldoni","NUOVO 245","Base","Agricultural Tractor","Agricultural Equipment","USA"
"1990","Goldoni","150","Base","2-Wheel Tractor","Agricultural Equipment","USA"
"1990","Goldoni","926","Base","Agricultural Tractor","Agricultural Equipment","USA"
"1990","Goldoni","NUOVO 233","Base","Agricultural Tractor","Agricultural Equipment","USA"
"1991","Goldoni","150","Base","2-Wheel Tractor","Agricultural Equipment","USA"
"1991","Goldoni","919","Base","Agricultural Tractor","Agricultural Equipment","USA"
"1991","Goldoni","926","Base","Agricultural Tractor","Agricultural Equipment","USA"
"1991","Goldoni","FC","Base","2-Wheel Tractor","Agricultural Equipment","USA"
"1991","Goldoni","IDEA 30DT","Base","Agricultural Tractor","Agricultural Equipment","USA"
"1992","Goldoni","140","Base","2-Wheel Tractor","Agricultural Equipment","USA"
"1992","Goldoni","933","Base","Agricultural Tractor","Agricultural Equipment","USA"
"1992","Goldoni","EURO 22RS","Base","Agricultural Tractor","Agricultural Equipment","USA"
"1992","Goldoni","EURO 30RS","Base","Agricultural Tractor","Agricultural Equipment","USA"
"1992","Goldoni","IDEA 20DT","Base","Agricultural Tractor","Agricultural Equipment","USA"
"1992","Goldoni","NUOVO 233","Base","Agricultural Tractor","Agricultural Equipment","USA"
"1993","Goldoni","140","Base","2-Wheel Tractor","Agricultural Equipment","USA"
"1993","Goldoni","926","Base","Agricultural Tractor","Agricultural Equipment","USA"
"1993","Goldoni","933","Base","Agricultural Tractor","Agricultural Equipment","USA"
"1993","Goldoni","FC","Base","2-Wheel Tractor","Agricultural Equipment","USA"
"1993","Goldoni","IDEA 20DT","Base","Agricultural Tractor","Agricultural Equipment","USA"
"1993","Goldoni","IDEA 26DT","Base","Agricultural Tractor","Agricultural Equipment","USA"
"1993","Goldoni","NUOVO 238","Base","Agricultural Tractor","Agricultural Equipment","USA"
"1994","Goldoni","933","Base","Agricultural Tractor","Agricultural Equipment","USA"
"1994","Goldoni","945","Base","Agricultural Tractor","Agricultural Equipment","USA"
"1994","Goldoni","FC","Base","2-Wheel Tractor","Agricultural Equipment","USA"
"1994","Goldoni","IDEA 30DT","Base","Agricultural Tractor","Agricultural Equipment","USA"
"1994","Goldoni","NUOVO 233","Base","Agricultural Tractor","Agricultural Equipment","USA"
"1994","Goldoni","NUOVO 238","Base","Agricultural Tractor","Agricultural Equipment","USA"
"1994","Goldoni","NUOVO 245","Base","Agricultural Tractor","Agricultural Equipment","USA"
"1995","Goldoni","945","Base","Agricultural Tractor","Agricultural Equipment","USA"
"1995","Goldoni","IDEA 26DT","Base","Agricultural Tractor","Agricultural Equipment","USA"
"1995","Goldoni","IDEA 30DT","Base","Agricultural Tractor","Agricultural Equipment","USA"
"1996","Goldoni","EURO 26RS","Base","Agricultural Tractor","Agricultural Equipment","USA"
"1996","Goldoni","IDEA 26DT","Base","Agricultural Tractor","Agricultural Equipment","USA"
"1998","Goldoni","FC","Base","2-Wheel Tractor","Agricultural Equipment","USA"
"1999","Goldoni","EURO 26RS","Base","Agricultural Tractor","Agricultural Equipment","USA"
"1991","Goossen","BCG-2","Base","Other Agricultural Equipment","Agricultural Equipment","USA"
"1992","Goossen","BCG-2","Base","Other Agricultural Equipment","Agricultural Equipment","USA"
"1994","Goossen","BCG-4","Base","Other Agricultural Equipment","Agricultural Equipment","USA"
"1997","Goossen","NA8000 BALE CHP","Base","Other Agricultural Equipment","Agricultural Equipment","USA"
"1998","Goossen","BCG-3","Base","Other Agricultural Equipment","Agricultural Equipment","USA"
"1998","Goossen","BCG-4","Base","Other Agricultural Equipment","Agricultural Equipment","USA"
"2000","Goossen","NA8500","Base","Other Agricultural Equipment","Agricultural Equipment","USA"
"2001","Goossen","NA8500","Base","Other Agricultural Equipment","Agricultural Equipment","USA"
"2004","Goossen","NA8500","Base","Other Agricultural Equipment","Agricultural Equipment","USA"
"2009","Goossen","NA8500","Base","Other Agricultural Equipment","Agricultural Equipment","USA"
"1994","Gravely","PROFESSIONAL 8","Base","2-Wheel Tractor","Agricultural Equipment","USA"
"1995","Gravely","PROFESSIONAL 16","Base","2-Wheel Tractor","Agricultural Equipment","USA"
"1996","Gravely","PROFESSIONAL 12","Base","2-Wheel Tractor","Agricultural Equipment","USA"
"1997","Gravely","PROFESSIONAL 12","Base","2-Wheel Tractor","Agricultural Equipment","USA"
"1996","Great Plains","PRO TURF-SKID","Base","Sprayer","Agricultural Equipment","USA"
"1997","Great Plains","PRO TURF-TRAILR","Base","Sprayer","Agricultural Equipment","USA"
"1982","Hagie","8200","Base","Sprayer","Agricultural Equipment","USA"
"1983","Hagie","280-HIGH TRACTR","Base","Sprayer","Agricultural Equipment","USA"
"1985","Hagie","8240   OPT","Base","Sprayer","Agricultural Equipment","USA"
"1986","Hagie","280-HIGH TRACTR","Base","Sprayer","Agricultural Equipment","USA"
"1987","Hagie","250","Base","Sprayer","Agricultural Equipment","USA"
"1987","Hagie","280-HIGH TRACTR","Base","Sprayer","Agricultural Equipment","USA"
"1987","Hagie","B-318","Base","Other Agricultural Equipment","Agricultural Equipment","USA"
"1988","Hagie","250","Base","Sprayer","Agricultural Equipment","USA"
"1988","Hagie","8380","Base","Sprayer","Agricultural Equipment","USA"
"1991","Hagie","8380","Base","Sprayer","Agricultural Equipment","USA"
"1993","Hagie","284 HI-TRACTOR","Base","Sprayer","Agricultural Equipment","USA"
"1996","Hagie","204 DETASSELER","Base","Other Agricultural Equipment","Agricultural Equipment","USA"
"1997","Hagie","204 DETASSELER","Base","Other Agricultural Equipment","Agricultural Equipment","USA"
"1997","Hagie","284 HI-TRACTOR","Base","Sprayer","Agricultural Equipment","USA"
"2000","Hagie","204 DETASSELER","Base","Other Agricultural Equipment","Agricultural Equipment","USA"
"2002","Hagie","204 DETASSELER","Base","Other Agricultural Equipment","Agricultural Equipment","USA"
"2003","Hagie","204 DETASSELER","Base","Other Agricultural Equipment","Agricultural Equipment","USA"
"2006","Hagie","204 DETASSELER","Base","Other Agricultural Equipment","Agricultural Equipment","USA"
"1981","Hahn","SINGLE NOZZLE","Base","Sprayer","Agricultural Equipment","USA"
"1983","Hahn","PRO 44","Base","Sprayer","Agricultural Equipment","USA"
"1985","Hahn","220","Base","Sprayer","Agricultural Equipment","USA"
"1988","Hahn","MAXI-PRO 435","Base","Sprayer","Agricultural Equipment","USA"
"1989","Hahn","MULTI-PRO 418","Base","Sprayer","Agricultural Equipment","USA"
"1990","Hahn","TORO 5200","Base","Sprayer","Agricultural Equipment","USA"
"1996","Hahn","TORO 5200","Base","Sprayer","Agricultural Equipment","USA"
"1982","Hamachek","HARVESTER","Base","Other Agricultural Equipment","Agricultural Equipment","USA"
"1993","Hamachek","HARVESTER","Base","Other Agricultural Equipment","Agricultural Equipment","USA"
"1997","Hamachek","HARVESTOR","Base","Other Agricultural Equipment","Agricultural Equipment","USA"
"1998","Hamachek","HARVESTOR","Base","Other Agricultural Equipment","Agricultural Equipment","USA"
"1981","Hesston","6600S","Base","Windrower","Agricultural Equipment","USA"
"1983","Hesston","6500S","Base","Windrower","Agricultural Equipment","USA"
"1987","Hesston","HESSTON 8200","Base","Windrower","Agricultural Equipment","USA"
"1988","Hesston","6600S","Base","Windrower","Agricultural Equipment","USA"
"1990","Hesston","6500S","Base","Windrower","Agricultural Equipment","USA"
"1990","Hesston","6600S","Base","Windrower","Agricultural Equipment","USA"
"1990","Hesston","HESSTON 8100","Base","Windrower","Agricultural Equipment","USA"
"1990","Hesston","HESSTON 8200","Base","Windrower","Agricultural Equipment","USA"
"1991","Hesston","6500S","Base","Windrower","Agricultural Equipment","USA"
"1991","Hesston","HESSTON 8400","Base","Windrower","Agricultural Equipment","USA"
"1991","Hesston","HESSTON OPTION","Base","Windrower","Agricultural Equipment","USA"
"1992","Hesston","6500S","Base","Windrower","Agricultural Equipment","USA"
"1992","Hesston","HESSTON 8400","Base","Windrower","Agricultural Equipment","USA"
"1993","Hesston","HESSTON 8200","Base","Windrower","Agricultural Equipment","USA"
"1993","Hesston","HESSTON 8400","Base","Windrower","Agricultural Equipment","USA"
"1993","Hesston","HESSTON OPTION","Base","Windrower","Agricultural Equipment","USA"
"1994","Hesston","HESSTON 8100","Base","Windrower","Agricultural Equipment","USA"
"1998","Hesston","HESSTON 8110","Base","Windrower","Agricultural Equipment","USA"
"1999","Hesston","HESSTON 8200","Base","Windrower","Agricultural Equipment","USA"
"2004","Hesston","HESSTON 8450","Base","Windrower","Agricultural Equipment","USA"
"2004","Hesston","HESSTON 8550","Base","Windrower","Agricultural Equipment","USA"
"2004","Hesston","HESSTON 8550S","Base","Windrower","Agricultural Equipment","USA"
"2005","Hesston","HESSTON 9260 SP","Base","Windrower","Agricultural Equipment","USA"
"2006","Hesston","HESSTON 9240 SP","Base","Windrower","Agricultural Equipment","USA"
"2007","Hesston","HESSTON 9230 SP","Base","Windrower","Agricultural Equipment","USA"
"2007","Hesston","HESSTON 9240 SP","Base","Windrower","Agricultural Equipment","USA"
"2007","Hesston","HESSTON 9260 SP","Base","Windrower","Agricultural Equipment","USA"
"1987","Hiniker","SPRAY KING","Base","Sprayer","Agricultural Equipment","USA"
"1988","Hiniker","SPRAY KING","Base","Sprayer","Agricultural Equipment","USA"
"1989","Hiniker","CLG-3","Base","Sprayer","Agricultural Equipment","USA"
"1991","Hiniker","CLG-3S","Base","Sprayer","Agricultural Equipment","USA"
"1992","Hiniker","CLG-3S","Base","Sprayer","Agricultural Equipment","USA"
"1992","Hiniker","SPRAY KING","Base","Sprayer","Agricultural Equipment","USA"
"1994","Hiniker","CLG-3","Base","Sprayer","Agricultural Equipment","USA"
"1995","Hiniker","CLG-3","Base","Sprayer","Agricultural Equipment","USA"
"1995","Hiniker","CLG-3S","Base","Sprayer","Agricultural Equipment","USA"
"1995","Hiniker","SPRAY KING","Base","Sprayer","Agricultural Equipment","USA"
"1996","Hiniker","CLG-3S","Base","Sprayer","Agricultural Equipment","USA"
"1996","Hiniker","SPRAY KING","Base","Sprayer","Agricultural Equipment","USA"
"1997","Hiniker","CLG-3S","Base","Sprayer","Agricultural Equipment","USA"
"1998","Hiniker","CLG-3S","Base","Sprayer","Agricultural Equipment","USA"
"1998","Hiniker","SPRAY KING","Base","Sprayer","Agricultural Equipment","USA"
"1990","Holder","A 440 S","Base","Agricultural Tractor","Agricultural Equipment","USA"
"1991","Holder","A 550","Base","Agricultural Tractor","Agricultural Equipment","USA"
"1992","Holder","A 560 TURBO","Base","Agricultural Tractor","Agricultural Equipment","USA"
"1993","Holder","A 560 TURBO","Base","Agricultural Tractor","Agricultural Equipment","USA"
"1994","Holder","A 550","Base","Agricultural Tractor","Agricultural Equipment","USA"
"1996","Holder","A 550","Base","Agricultural Tractor","Agricultural Equipment","USA"
"1996","Holder","A 560 TURBO","Base","Agricultural Tractor","Agricultural Equipment","USA"
"1996","Holder","A 750","Base","Agricultural Tractor","Agricultural Equipment","USA"
"1997","Holder","A 440 S","Base","Agricultural Tractor","Agricultural Equipment","USA"
"1997","Holder","A 760","Base","Agricultural Tractor","Agricultural Equipment","USA"
"1999","Holder","A 760","Base","Agricultural Tractor","Agricultural Equipment","USA"
"2000","Holder","A770","Base","Agricultural Tractor","Agricultural Equipment","USA"
"2001","Holder","A 550","Base","Agricultural Tractor","Agricultural Equipment","USA"
"2002","Holder","A770","Base","Agricultural Tractor","Agricultural Equipment","USA"
"2003","Holder","A 750","Base","Agricultural Tractor","Agricultural Equipment","USA"
"2004","Holder","A 750","Base","Agricultural Tractor","Agricultural Equipment","USA"
"2007","Holder","A-Trac 5.58","Base","Agricultural Tractor","Agricultural Equipment","USA"
"2007","Holder","A-Trac 8.72C","Base","Agricultural Tractor","Agricultural Equipment","USA"
"2008","Holder","A-Trac 7.72C","Base","Agricultural Tractor","Agricultural Equipment","USA"
"2009","Holder","A-Trac 7.72C","Base","Agricultural Tractor","Agricultural Equipment","USA"
"1987","Horvick","ESTATE SPRAYERS","Base","Sprayer","Agricultural Equipment","USA"
"1990","Horvick","ESTATE SPRAYERS","Base","Sprayer","Agricultural Equipment","USA"
"1998","Horvick","HERBACIDE TENDR","Base","Other Agricultural Equipment","Agricultural Equipment","USA"